<?xml version="1.0" encoding="UTF-8"?>
<challenge>
    <title>New Challenge 3</title>
    <author>
        Andreas Venieris,
        Konstantinos Papapanagiotou,
        Anastasios Stasinopoulos,
        Vasilios Vlachos,
        Alexandros Papanikolaou
    </author>
    <category>web</category>
    <description>
        <![CDATA[
        A Web Developer has made his best out to secure his website from various injection attacks by using various filters and even thinks that even the best hacker couldn't break into his site. Prove him wrong. Link : <a href="challenge_4/" target="_blank">SITE.</a> However, you have been just using the system which has a user already logged in. So, first you have to inject the website to get the admin credentials and then search for the admin login page [You wouldn't even find the admin page by using a search engine as search bots have been excluded]. Common give it a try, All the Best !! <br /> <br />Hint : You're Logged in </p><br/><br/>

Hints and Tips :
Notice the http requests passing between your browser and localhost server. This is the most common type of vulnerability online these days. There has always been a way to bypass filters. </p><br /><a href = "https://www.exploit-db.com/papers/13045/">reference1</a>   <a href = "https://www.owasp.org/index.php/SQL_Injection">reference2</a><br/><br/>
]]>

    </description>
</challenge>
