<?xml version="1.0" encoding="UTF-8"?>
<challenge>
    <title>cookiEng</title>
    <author>
        Nikos Danopoulos
    </author>
    <category>web</category>
    <description>
		<p>Hello, we have heard that you are one of the best hackers in our country.We need your services.<br /> You must visit an underground site and find
		a form's password. With this password we will cancel 100k+ illegal gun and drug deals! The good news are that we have the password's directory. It's here "/t0psec". The bad news are that we don't have access there. Only administrator does. Go and find the password for us!
		</p><br />
		Good luck!
		<hr />
    </description>
</challenge>
